average cumulative strength:,0.0598
residue index,amino acid,number of ECs,cumulative strength,EC strength,conservation
156,L,10,0.614,10.3,51
172,C,4,0.565,9.4,63
247,T,9,0.56,9.4,67
54,D,5,0.55,9.2,28
73,E,6,0.506,8.5,48
57,F,8,0.504,8.4,49
309,G,8,0.483,8.1,58
163,W,9,0.476,8.0,36
101,V,6,0.473,7.9,76
307,W,8,0.456,7.6,61
129,E,3,0.455,7.6,32
140,W,4,0.443,7.4,76
127,C,7,0.433,7.2,51
142,T,7,0.425,7.1,32
118,Q,6,0.418,7.0,56
317,A,7,0.415,6.9,46
146,I,7,0.408,6.8,73
252,R,8,0.407,6.8,25
208,F,4,0.397,6.6,45
77,F,2,0.39,6.5,46
243,V,6,0.388,6.5,37
133,A,4,0.377,6.3,30
321,L,6,0.37,6.2,28
26,A,6,0.363,6.1,45
202,K,7,0.358,6.0,33
69,A,6,0.354,5.9,51
84,V,3,0.352,5.9,32
253,R,7,0.348,5.8,55
103,K,5,0.346,5.8,73
259,L,6,0.346,5.8,59
80,N,5,0.343,5.7,28
244,G,7,0.341,5.7,61
145,V,5,0.337,5.6,51
274,A,6,0.337,5.6,63
316,K,6,0.331,5.5,40
181,V,4,0.326,5.5,74
144,L,6,0.325,5.4,49
106,V,5,0.322,5.4,43
288,P,5,0.32,5.3,60
318,R,6,0.32,5.3,50
86,M,5,0.318,5.3,50
67,S,6,0.317,5.3,50
175,N,4,0.316,5.3,44
282,N,6,0.315,5.3,64
174,Q,6,0.313,5.2,30
170,S,6,0.308,5.1,35
206,C,4,0.305,5.1,41
44,N,4,0.304,5.1,57
105,L,6,0.304,5.1,36
246,L,6,0.303,5.1,33
212,Q,5,0.294,4.9,22
159,H,6,0.291,4.9,19
81,E,1,0.289,4.8,26
215,G,6,0.289,4.8,41
271,E,3,0.284,4.8,52
63,G,5,0.284,4.7,24
325,A,5,0.281,4.7,51
124,A,4,0.277,4.6,32
16,L,5,0.276,4.6,41
230,A,5,0.274,4.6,36
310,K,5,0.272,4.5,38
256,P,5,0.269,4.5,68
308,Q,6,0.267,4.5,21
255,V,4,0.266,4.4,59
287,H,5,0.262,4.4,24
258,A,4,0.259,4.3,59
254,T,5,0.257,4.3,49
111,T,3,0.256,4.3,45
92,N,1,0.256,4.3,29
58,G,4,0.256,4.3,53
17,V,5,0.255,4.3,36
90,L,5,0.254,4.2,62
257,P,5,0.25,4.2,30
336,Y,4,0.248,4.1,47
290,A,5,0.244,4.1,20
268,G,4,0.238,4.0,67
322,L,5,0.234,3.9,28
281,I,5,0.232,3.9,36
214,N,4,0.23,3.8,48
219,E,3,0.228,3.8,70
297,R,4,0.228,3.8,61
32,T,4,0.228,3.8,53
324,R,4,0.224,3.7,57
155,D,4,0.224,3.7,17
289,W,5,0.221,3.7,61
260,P,4,0.221,3.7,59
205,S,3,0.22,3.7,51
115,K,4,0.22,3.7,43
221,A,1,0.22,3.7,59
33,I,4,0.218,3.6,33
201,Q,4,0.218,3.6,60
56,L,4,0.216,3.6,65
264,F,3,0.216,3.6,68
71,L,4,0.216,3.6,77
278,L,4,0.215,3.6,67
162,A,3,0.212,3.5,71
76,L,3,0.211,3.5,52
200,T,3,0.21,3.5,55
187,A,4,0.21,3.5,29
185,I,4,0.201,3.4,47
152,K,4,0.199,3.3,28
134,G,3,0.198,3.3,83
293,F,3,0.197,3.3,61
328,N,3,0.197,3.3,57
330,L,3,0.196,3.3,32
120,L,4,0.195,3.3,72
294,S,3,0.195,3.3,61
222,L,4,0.192,3.2,68
164,G,2,0.192,3.2,28
315,A,4,0.189,3.2,19
62,L,3,0.189,3.2,25
195,V,4,0.189,3.2,44
167,R,4,0.189,3.2,73
263,V,3,0.188,3.1,17
82,A,3,0.187,3.1,48
302,S,2,0.187,3.1,40
319,E,4,0.187,3.1,23
55,L,4,0.186,3.1,50
314,V,4,0.186,3.1,27
87,V,4,0.186,3.1,41
238,T,3,0.185,3.1,22
18,Q,4,0.184,3.1,32
93,E,3,0.184,3.1,40
126,R,3,0.184,3.1,74
161,T,4,0.183,3.1,63
251,L,4,0.183,3.1,63
277,N,2,0.181,3.0,50
280,S,4,0.18,3.0,59
79,K,4,0.18,3.0,50
97,P,3,0.178,3.0,67
34,K,2,0.177,3.0,41
292,T,3,0.176,2.9,32
52,Y,4,0.176,2.9,51
131,Y,4,0.175,2.9,38
186,L,2,0.174,2.9,68
249,R,3,0.171,2.9,28
320,V,3,0.166,2.8,30
303,V,2,0.165,2.8,29
6,A,3,0.164,2.7,19
338,G,3,0.162,2.7,22
217,L,3,0.157,2.6,32
173,Q,3,0.156,2.6,76
275,S,3,0.156,2.6,38
337,K,2,0.155,2.6,12
98,G,2,0.155,2.6,76
300,Q,3,0.154,2.6,61
301,A,3,0.154,2.6,30
298,A,3,0.154,2.6,61
121,D,3,0.153,2.6,77
117,T,3,0.153,2.6,57
42,L,3,0.151,2.5,48
272,E,3,0.15,2.5,51
327,A,3,0.149,2.5,33
266,S,3,0.148,2.5,67
191,H,3,0.147,2.5,74
169,A,1,0.147,2.5,85
198,V,3,0.147,2.5,24
135,A,2,0.147,2.5,60
231,G,2,0.147,2.4,69
30,T,3,0.146,2.4,37
241,Q,3,0.146,2.4,39
154,T,3,0.146,2.4,69
329,S,3,0.145,2.4,36
138,A,1,0.144,2.4,66
25,A,3,0.144,2.4,80
211,L,3,0.143,2.4,70
295,Y,3,0.142,2.4,47
107,N,3,0.142,2.4,53
158,I,2,0.141,2.4,69
203,V,2,0.14,2.3,65
234,C,3,0.139,2.3,36
245,F,3,0.139,2.3,20
171,I,2,0.138,2.3,59
128,K,1,0.137,2.3,56
265,L,2,0.132,2.2,67
331,A,2,0.129,2.2,59
95,I,2,0.129,2.2,58
273,E,3,0.129,2.2,48
88,N,2,0.129,2.1,36
188,D,2,0.127,2.1,71
207,V,1,0.122,2.0,51
313,N,2,0.121,2.0,54
270,S,2,0.121,2.0,59
48,N,2,0.12,2.0,58
39,N,2,0.12,2.0,28
236,A,2,0.12,2.0,20
23,I,2,0.12,2.0,71
269,Q,2,0.118,2.0,60
136,R,2,0.117,2.0,40
196,C,2,0.116,1.9,50
22,G,2,0.115,1.9,74
116,S,2,0.114,1.9,46
49,R,2,0.113,1.9,68
242,D,2,0.113,1.9,30
147,D,2,0.111,1.9,26
12,T,2,0.111,1.9,28
96,I,2,0.108,1.8,49
153,P,2,0.107,1.8,75
160,E,2,0.106,1.8,53
122,G,2,0.105,1.8,63
143,V,2,0.105,1.8,89
213,E,1,0.104,1.7,55
89,L,2,0.104,1.7,23
199,V,2,0.103,1.7,64
40,I,2,0.103,1.7,57
216,V,2,0.103,1.7,82
248,V,2,0.102,1.7,49
332,T,2,0.1,1.7,20
223,L,2,0.1,1.7,73
68,G,1,0.1,1.7,83
267,G,2,0.1,1.7,68
279,N,2,0.098,1.6,52
189,G,2,0.097,1.6,75
226,N,1,0.097,1.6,52
9,L,2,0.094,1.6,58
10,A,2,0.094,1.6,12
168,Y,2,0.093,1.6,76
123,L,1,0.093,1.6,94
228,V,2,0.092,1.5,63
296,G,2,0.092,1.5,50
109,P,2,0.092,1.5,51
250,T,2,0.091,1.5,30
21,K,2,0.091,1.5,59
284,L,2,0.091,1.5,15
11,T,2,0.09,1.5,15
8,E,2,0.09,1.5,46
24,L,2,0.089,1.5,58
204,L,2,0.088,1.5,68
130,Y,2,0.088,1.5,73
237,K,2,0.087,1.5,46
285,G,2,0.087,1.5,28
240,T,2,0.087,1.4,41
114,E,2,0.086,1.4,73
190,P,2,0.086,1.4,41
85,P,1,0.082,1.4,48
262,V,1,0.082,1.4,48
119,G,1,0.077,1.3,76
224,K,1,0.076,1.3,69
38,D,1,0.072,1.2,25
83,G,1,0.072,1.2,85
75,T,1,0.072,1.2,89
225,P,1,0.07,1.2,64
60,K,1,0.069,1.2,46
50,A,1,0.066,1.1,53
334,G,1,0.063,1.1,59
193,I,1,0.062,1.0,36
166,A,1,0.062,1.0,75
72,F,1,0.061,1.0,73
99,I,1,0.058,1.0,75
306,T,1,0.057,1.0,35
286,P,1,0.056,0.9,13
104,G,1,0.055,0.9,94
65,F,1,0.054,0.9,31
261,G,1,0.054,0.9,60
197,A,1,0.053,0.9,34
20,G,1,0.053,0.9,70
311,K,1,0.052,0.9,15
94,N,1,0.051,0.8,73
61,G,1,0.051,0.8,25
209,K,1,0.051,0.8,51
184,E,1,0.05,0.8,93
335,K,1,0.05,0.8,32
312,E,1,0.05,0.8,39
305,N,1,0.05,0.8,37
78,Q,1,0.049,0.8,69
31,Q,1,0.049,0.8,60
339,G,1,0.049,0.8,13
333,Y,1,0.049,0.8,29
91,H,1,0.048,0.8,32
19,A,1,0.048,0.8,42
232,Y,1,0.048,0.8,20
112,D,1,0.047,0.8,40
165,L,1,0.047,0.8,76
14,Q,1,0.047,0.8,17
178,V,1,0.047,0.8,88
51,S,1,0.046,0.8,30
192,S,1,0.046,0.8,49
210,A,1,0.045,0.8,52
13,A,1,0.045,0.8,57
7,E,1,0.045,0.8,19
47,E,1,0.045,0.8,40
151,G,1,0.045,0.8,15
299,L,1,0.045,0.7,58
113,E,1,0.044,0.7,60
239,T,1,0.044,0.7,26
233,E,1,0.044,0.7,15
304,L,1,0.044,0.7,54
15,K,1,0.043,0.7,16
276,V,1,0.043,0.7,21
183,P,1,0.043,0.7,94
37,F,1,0.043,0.7,59
74,E,1,0.043,0.7,70
108,I,1,0.042,0.7,69
102,D,1,0.042,0.7,95
150,K,1,0.041,0.7,13
